<?xml version="1.0" encoding="UTF-8"?>
<project-private xmlns="http://www.netbeans.org/ns/project-private/1">
    <editor-bookmarks xmlns="http://www.netbeans.org/ns/editor-bookmarks/2" lastBookmarkId="0"/>
    <open-files xmlns="http://www.netbeans.org/ns/projectui-open-files/2">
        <group>
            <file>file:/C:/Github/Major-Project-OOP-2/EmployeeFX/src/employeefx/EmployeeFile.java</file>
            <file>file:/C:/Github/Major-Project-OOP-2/EmployeeFX/src/employeefx/Employee.dat</file>
            <file>file:/C:/Github/Major-Project-OOP-2/EmployeeFX/src/employeefx/Employee.java</file>
            <file>file:/C:/Github/Major-Project-OOP-2/EmployeeFX/src/employeefx/ShowError.java</file>
            <file>file:/C:/Github/Major-Project-OOP-2/EmployeeFX/src/employeefx/Main.java</file>
        </group>
    </open-files>
</project-private>
